Type,Combined_MPG,Make_Model
Two Seaters,21,Acura_NSX
Two Seaters,27.9406,ALFA ROMEO_4C
Two Seaters,20.9455,Aston Martin Lagonda Ltd_Vantage V8
Two Seaters,25.9952,Audi_TT Roadster quattro
Two Seaters,27.63,BMW_Z4 sDrive30i
Two Seaters,10.5921,Bugatti_Chiron
Two Seaters,14.5801,Chevrolet_CORVETTE
Two Seaters,18.1592,Chevrolet_CORVETTE
Two Seaters,16.7698,Chevrolet_CORVETTE
Two Seaters,15.0434,Chevrolet_CORVETTE
Two Seaters,17.3975,Chevrolet_CORVETTE
Two Seaters,19.2406,Chevrolet_CORVETTE
Two Seaters,17.9082,"Ferrari North America, Inc._488 gtb"
Two Seaters,17.731,"Ferrari North America, Inc._488 gtb"
Two Seaters,16.8163,"Ferrari North America, Inc._488 Pista"
Two Seaters,16.6115,"Ferrari North America, Inc._488 Pista Spider"
Two Seaters,17.9082,"Ferrari North America, Inc._488 Spider"
Two Seaters,17.731,"Ferrari North America, Inc._488 Spider"
Two Seaters,13.3412,"Ferrari North America, Inc._812 Superfast"
Two Seaters,29.2998,FIAT_124 Spider
Two Seaters,29.6662,FIAT_124 Spider
Two Seaters,13.6147,Ford_FORD GT
Two Seaters,25.6626,Jaguar_F-TYPE Convertible
Two Seaters,22.6919,Jaguar_F-TYPE Convertible
Two Seaters,18.6648,Jaguar_F-TYPE Convertible Manual
Two Seaters,25.6626,Jaguar_F-TYPE Coupe
Two Seaters,22.6919,Jaguar_F-TYPE Coupe
Two Seaters,18.6648,Jaguar_F-TYPE Coupe Manual
Two Seaters,17.5299,Jaguar_F-TYPE R AWD Convertible
Two Seaters,17.5299,Jaguar_F-TYPE R AWD Coupe
Two Seaters,20.8635,Jaguar_F-TYPE S AWD Convertible
Two Seaters,20.8635,Jaguar_F-TYPE S AWD Coupe
Two Seaters,21.8371,Jaguar_F-TYPE S Convertible
Two Seaters,18.2667,Jaguar_F-TYPE S Convertible Manual
Two Seaters,21.8371,Jaguar_F-TYPE S Coupe
Two Seaters,18.2667,Jaguar_F-TYPE S Coupe Manual
Two Seaters,18.4489,Jaguar_F-TYPE SVR AWD Convertible GEN2
Two Seaters,18.4489,Jaguar_F-TYPE SVR AWD Coupe GEN2
Two Seaters,10.9592,Lamborghini_Aventador Coupe
Two Seaters,10.8311,Lamborghini_Aventador Roadster
Two Seaters,15.0849,Lamborghini_Huracan
Two Seaters,14.8306,Lamborghini_Huracan 2WD
Two Seaters,15.0849,Lamborghini_Huracan Spyder
Two Seaters,14.8306,Lamborghini_Huracan Spyder 2WD
Two Seaters,29.7239,MAZDA_MX-5
Two Seaters,29.0373,MAZDA_MX-5
Two Seaters,18.1314,Mercedes-Benz_AMG GT (coupe)
Two Seaters,18.1314,Mercedes-Benz_AMG GT (roadster)
Two Seaters,17.4463,Mercedes-Benz_AMG GT C (coupe)
Two Seaters,17.4463,Mercedes-Benz_AMG GT C (roadster)
Two Seaters,16.7621,Mercedes-Benz_AMG GT R (coupe)
Two Seaters,18.0499,Mercedes-Benz_AMG GT S (coupe)
Two Seaters,18.0824,Mercedes-Benz_AMG SL 63
Two Seaters,23.1054,Mercedes-Benz_AMG SLC 43
Two Seaters,22.7835,Mercedes-Benz_SL 450
Two Seaters,20.2956,Mercedes-Benz_SL 550
Two Seaters,26.7683,Mercedes-Benz_SLC 300
Two Seaters,21.7596,NISSAN_370Z
Two Seaters,19.9574,NISSAN_370Z
Two Seaters,20.752,NISSAN_370Z Roadster
Two Seaters,17.4,Porsche_911 GT2 RS
Two Seaters,16.8799,Porsche_911 GT3
Two Seaters,15.6065,Porsche_911 GT3
Two Seaters,16.4,Porsche_911 GT3 RS
Two Seaters,16.7203,Porsche_911 GT3 Touring
Two Seaters,25.056,Porsche_Boxster
Two Seaters,24.01,Porsche_Boxster
Two Seaters,22.0876,Porsche_Boxster GTS
Two Seaters,21.315,Porsche_Boxster GTS
Two Seaters,23.8147,Porsche_Boxster S
Two Seaters,22.0217,Porsche_Boxster S
Two Seaters,25.056,Porsche_Cayman
Two Seaters,24.01,Porsche_Cayman
Two Seaters,22.0876,Porsche_Cayman GTS
Two Seaters,21.315,Porsche_Cayman GTS
Two Seaters,23.8147,Porsche_Cayman S
Two Seaters,22.0217,Porsche_Cayman S
Minicompact Cars,17.7222,Aston Martin Lagonda Ltd_DB11 V12
Minicompact Cars,20.4132,Aston Martin Lagonda Ltd_DB11 V8
Minicompact Cars,17.0315,Aston Martin Lagonda Ltd_DBS
Minicompact Cars,15.9815,Aston Martin Lagonda Ltd_Vanquish S
Minicompact Cars,13.3849,"Ferrari North America, Inc._GTC4Lusso"
Minicompact Cars,16.994,"Ferrari North America, Inc._GTC4Lusso T"
Minicompact Cars,18.1715,"Ferrari North America, Inc._Portofino"
Minicompact Cars,27.1466,FIAT_500
Minicompact Cars,29.7651,FIAT_500
Minicompact Cars,27.1466,FIAT_500 Abarth
Minicompact Cars,29.7651,FIAT_500 Abarth
Minicompact Cars,29.8564,Mini_COOPER CONVERTIBLE
Minicompact Cars,31.4195,Mini_COOPER CONVERTIBLE
Minicompact Cars,28.187,Mini_COOPER S CONVERTIBLE
Minicompact Cars,26.2704,Mini_COOPER S CONVERTIBLE
Minicompact Cars,28.187,Mini_JOHN COOPER WORKS CONVERTIBLE
Minicompact Cars,25.3168,Mini_JOHN COOPER WORKS CONVERTIBLE
Minicompact Cars,24.9121,Porsche_911 Carrera
Minicompact Cars,23.2007,Porsche_911 Carrera
Minicompact Cars,24.4828,Porsche_911 Carrera 4
Minicompact Cars,22.7014,Porsche_911 Carrera 4
Minicompact Cars,23.9721,Porsche_911 Carrera 4 Cabriolet
Minicompact Cars,22.3791,Porsche_911 Carrera 4 Cabriolet
Minicompact Cars,22.1,Porsche_911 Carrera 4 GTS
Minicompact Cars,21.3,Porsche_911 Carrera 4 GTS
Minicompact Cars,21.9,Porsche_911 Carrera 4 GTS Cabriolet
Minicompact Cars,21.1,Porsche_911 Carrera 4 GTS Cabriolet
Minicompact Cars,23.7716,Porsche_911 Carrera 4S
Minicompact Cars,22.556,Porsche_911 Carrera 4S
Minicompact Cars,23.8559,Porsche_911 Carrera 4S Cabriolet
Minicompact Cars,22.3499,Porsche_911 Carrera 4S Cabriolet
Minicompact Cars,24.2773,Porsche_911 Carrera Cabriolet
Minicompact Cars,22.8334,Porsche_911 Carrera Cabriolet
Minicompact Cars,22.6,Porsche_911 Carrera GTS
Minicompact Cars,21.1,Porsche_911 Carrera GTS
Minicompact Cars,22.1,Porsche_911 Carrera GTS Cabriolet
Minicompact Cars,21.3,Porsche_911 Carrera GTS Cabriolet
Minicompact Cars,24.346,Porsche_911 Carrera S
Minicompact Cars,22.7422,Porsche_911 Carrera S
Minicompact Cars,24.178,Porsche_911 Carrera S Cabriolet
Minicompact Cars,22.6436,Porsche_911 Carrera S Cabriolet
Minicompact Cars,22.1,Porsche_911 Carrera T
Minicompact Cars,19.2,Porsche_911 Carrera T
Minicompact Cars,24.1096,Porsche_911 Targa 4
Minicompact Cars,22.3791,Porsche_911 Targa 4
Minicompact Cars,21.8,Porsche_911 Targa 4 GTS
Minicompact Cars,20.6,Porsche_911 Targa 4 GTS
Minicompact Cars,23.5679,Porsche_911 Targa 4S
Minicompact Cars,22.3499,Porsche_911 Targa 4S
Minicompact Cars,20.6637,Porsche_911 Turbo
Minicompact Cars,20.5915,Porsche_911 Turbo Cabriolet
Minicompact Cars,20.6637,Porsche_911 Turbo S
Minicompact Cars,20.5915,Porsche_911 Turbo S Cabriolet
Minicompact Cars,18.4626,Porsche_911 Turbo S Exclusive Cabriolet
Minicompact Cars,27.4825,Subaru_BRZ
Minicompact Cars,23.8737,Subaru_BRZ
Minicompact Cars,26.9993,TOYOTA_86
Minicompact Cars,23.798,TOYOTA_86
Subcompact Cars,16.6449,Aston Martin Lagonda Ltd_Rapide S
Subcompact Cars,29.137,Audi_A3
Subcompact Cars,29.137,Audi_A3 Cabriolet
Subcompact Cars,24.8879,Audi_A3 Cabriolet quattro
Subcompact Cars,24.5824,Audi_A3 quattro
Subcompact Cars,27.1178,Audi_A5 Cabriolet quattro
Subcompact Cars,27.1178,Audi_A5 quattro
Subcompact Cars,20.8936,Audi_RS 5
Subcompact Cars,24.6914,Audi_S3
Subcompact Cars,24.0356,Audi_S5
Subcompact Cars,23.6702,Audi_S5 Cabriolet
Subcompact Cars,25.9952,Audi_TT Coupe quattro
Subcompact Cars,25.0431,Audi_TTS Coupe
Subcompact Cars,26.7488,BMW_230i Convertible
Subcompact Cars,27.8358,BMW_230i Coupe
Subcompact Cars,24.9173,BMW_230i Coupe
Subcompact Cars,26.7896,BMW_230i xDrive Convertible
Subcompact Cars,27.1635,BMW_230i xDrive Coupe
Subcompact Cars,27.4016,BMW_430i Convertible
Subcompact Cars,25.7086,BMW_430i xDrive Convertible
Subcompact Cars,23.8507,BMW_440i Convertible
Subcompact Cars,23.1027,BMW_440i xDrive Convertible
Subcompact Cars,18.8793,BMW_M2 Competition
Subcompact Cars,20.1654,BMW_M2 Competition
Subcompact Cars,24.1256,BMW_M240i Convertible
Subcompact Cars,21.4481,BMW_M240i Convertible
Subcompact Cars,24.1256,BMW_M240i Coupe
Subcompact Cars,21.405,BMW_M240i Coupe
Subcompact Cars,24.1256,BMW_M240i Coupe M Performance
Subcompact Cars,21.405,BMW_M240i Coupe M Performance
Subcompact Cars,24.089,BMW_M240i xDrive Convertible
Subcompact Cars,24.089,BMW_M240i xDrive Coupe
Subcompact Cars,24.089,BMW_M240i xDrive Coupe M Performance
Subcompact Cars,18.5025,BMW_M4 Convertible
Subcompact Cars,19.8307,BMW_M4 Convertible
Subcompact Cars,18.5025,BMW_M4 Convertible Competition
Subcompact Cars,19.8307,BMW_M4 Convertible Competition
Subcompact Cars,20.3517,BMW_M850i xDrive Convertible
Subcompact Cars,20.4315,BMW_M850i xDrive Coupe
Subcompact Cars,23.827,Buick_CASCADA
Subcompact Cars,25.0323,Chevrolet_CAMARO
Subcompact Cars,23.3595,Chevrolet_CAMARO
Subcompact Cars,22.4764,Chevrolet_CAMARO
Subcompact Cars,19.9403,Chevrolet_CAMARO
Subcompact Cars,19.6813,Chevrolet_CAMARO
Subcompact Cars,15.5654,Chevrolet_CAMARO
Subcompact Cars,18.6287,Chevrolet_CAMARO
Subcompact Cars,15.7376,Chevrolet_CAMARO
Subcompact Cars,32.8252,Chevrolet_SPARK
Subcompact Cars,32.5457,Chevrolet_SPARK
Subcompact Cars,32.8252,Chevrolet_SPARK ACTIV
Subcompact Cars,32,Chevrolet_SPARK ACTIV
Subcompact Cars,31.1253,Ford_Fiesta FWD
Subcompact Cars,30.1309,Ford_Fiesta FWD
Subcompact Cars,25.4226,Ford_MUSTANG
Subcompact Cars,24.6762,Ford_MUSTANG
Subcompact Cars,18.8779,Ford_MUSTANG
Subcompact Cars,18.2169,Ford_MUSTANG
Subcompact Cars,18.2169,Ford_MUSTANG BULLITT
Subcompact Cars,22.7648,Ford_MUSTANG CONVERTIBLE
Subcompact Cars,23,Ford_MUSTANG CONVERTIBLE
Subcompact Cars,18.0432,Ford_MUSTANG CONVERTIBLE
Subcompact Cars,23,Ford_MUSTANG PERFORMANCE PACKAGE
Subcompact Cars,23,Ford_MUSTANG PERFORMANCE PACKAGE
Subcompact Cars,16.1572,Ford_SHELBY GT350 MUSTANG
Subcompact Cars,25.2191,INFINITI_Q60
Subcompact Cars,22.4496,INFINITI_Q60
Subcompact Cars,23.7292,INFINITI_Q60 AWD
Subcompact Cars,21.7714,INFINITI_Q60 AWD
Subcompact Cars,21,INFINITI_Q60 AWD RED SPORT
Subcompact Cars,22,INFINITI_Q60 RED SPORT
Subcompact Cars,18.6722,LEXUS_LC 500
Subcompact Cars,29.6181,LEXUS_LC 500h
Subcompact Cars,24.4904,LEXUS_RC 300
Subcompact Cars,21.4965,LEXUS_RC 300 AWD
Subcompact Cars,22.8079,LEXUS_RC 350
Subcompact Cars,21.4965,LEXUS_RC 350 AWD
Subcompact Cars,19,LEXUS_RC F
Subcompact Cars,15.6552,MASERATI_GRANTURISMO CONVERTIBLE
Subcompact Cars,28.3488,Mercedes-Benz_A 220
Subcompact Cars,27.9185,Mercedes-Benz_A 220 4MATIC
Subcompact Cars,21.0704,Mercedes-Benz_AMG C 43 4MATIC (convertible)
Subcompact Cars,21.7146,Mercedes-Benz_AMG C 43 4MATIC (coupe)
Subcompact Cars,19.6981,Mercedes-Benz_AMG C 63 (convertible)
Subcompact Cars,20.0502,Mercedes-Benz_AMG C 63 (coupe)
Subcompact Cars,19.6981,Mercedes-Benz_AMG C 63 S (convertible)
Subcompact Cars,20.0502,Mercedes-Benz_AMG C 63 S (coupe)
Subcompact Cars,22.5517,Mercedes-Benz_AMG E53 4MATIC+ (Convertible)
Subcompact Cars,23.3607,Mercedes-Benz_AMG E53 4MATIC+ (Coupe)
Subcompact Cars,17.9865,Mercedes-Benz_AMG S 63 4MATIC (convertible)
Subcompact Cars,16.4115,Mercedes-Benz_AMG S 65 (convertible)
Subcompact Cars,23.9681,Mercedes-Benz_C 300 (convertible)
Subcompact Cars,24.8683,Mercedes-Benz_C 300 (Coupe)
Subcompact Cars,23.8762,Mercedes-Benz_C 300 4MATIC (convertible)
Subcompact Cars,24.8309,Mercedes-Benz_C 300 4MATIC (Coupe)
Subcompact Cars,22.6853,Mercedes-Benz_E 450 (convertible)
Subcompact Cars,22.9182,Mercedes-Benz_E 450 (coupe)
Subcompact Cars,21.8041,Mercedes-Benz_E 450 4MATIC (convertible)
Subcompact Cars,21.739,Mercedes-Benz_E 450 4MATIC (coupe)
Subcompact Cars,20.1785,Mercedes-Benz_S 560 (convertible)
Subcompact Cars,29.8564,Mini_COOPER HARDTOP 2 DOOR
Subcompact Cars,31.5243,Mini_COOPER HARDTOP 2 DOOR
Subcompact Cars,29.8564,Mini_COOPER HARDTOP 4 DOOR
Subcompact Cars,31.4195,Mini_COOPER HARDTOP 4 DOOR
Subcompact Cars,28.1232,Mini_COOPER S HARDTOP 2 DOOR
Subcompact Cars,26.2704,Mini_COOPER S HARDTOP 2 DOOR
Subcompact Cars,28.1232,Mini_COOPER S HARDTOP 4 DOOR
Subcompact Cars,26.2704,Mini_COOPER S HARDTOP 4 DOOR
Subcompact Cars,28.1232,Mini_JOHN COOPER WORKS HARDTOP
Subcompact Cars,26.2704,Mini_JOHN COOPER WORKS HARDTOP
Subcompact Cars,18,NISSAN_GT-R
Subcompact Cars,14.6832,"Roush Industries, Inc._Roush Stage 3 Mustang"
Subcompact Cars,15.2813,"Roush Industries, Inc._Roush Stage 3 Mustang"
Subcompact Cars,28.7418,Volkswagen_Beetle Convertible
Compact Cars,27.9249,Acura_ILX
Compact Cars,23.3366,Acura_TLX AWD
Compact Cars,22.8512,Acura_TLX AWD A-SPEC
Compact Cars,26.9868,Acura_TLX FWD
Compact Cars,23.6967,Acura_TLX FWD
Compact Cars,26.3463,Acura_TLX FWD A-SPEC
Compact Cars,23.3109,Acura_TLX FWD A-SPEC
Compact Cars,30.1316,Audi_A4
Compact Cars,27.1178,Audi_A4 quattro
Compact Cars,24.0356,Audi_S4
Compact Cars,29.6146,BMW_330i
Compact Cars,28.2689,BMW_330i xDrive
Compact Cars,27.4016,BMW_430i Coupe
Compact Cars,25.3157,BMW_430i Coupe
Compact Cars,27.4016,BMW_430i Gran Coupe
Compact Cars,26.7896,BMW_430i xDrive Coupe
Compact Cars,26.7896,BMW_430i xDrive Gran Coupe
Compact Cars,25.0797,BMW_440i Coupe
Compact Cars,21.8283,BMW_440i Coupe
Compact Cars,25.0797,BMW_440i Gran Coupe
Compact Cars,24.1723,BMW_440i xDrive Coupe
Compact Cars,21.4097,BMW_440i xDrive Coupe
Compact Cars,24.1723,BMW_440i xDrive Gran Coupe
Compact Cars,23.3559,BMW_640i Gran Coupe
Compact Cars,22.4153,BMW_640i xDrive Gran Coupe
Compact Cars,20.5995,BMW_650i Gran Coupe
Compact Cars,19.8061,BMW_650i xDrive Gran Coupe
Compact Cars,19.8061,BMW_Alpina B6 xDrive Gran Coupe
Compact Cars,18.8793,BMW_M4 Coupe
Compact Cars,20.1654,BMW_M4 Coupe
Compact Cars,18.8793,BMW_M4 Coupe Competition
Compact Cars,20.1654,BMW_M4 Coupe Competition
Compact Cars,18.8793,BMW_M4 CS
Compact Cars,16.0033,BMW_M6 Gran Coupe
Compact Cars,17.0216,BMW_M6 Gran Coupe
Compact Cars,25.2376,Cadillac_ATS
Compact Cars,22.5028,Cadillac_ATS
Compact Cars,23.7089,Cadillac_ATS AWD
Compact Cars,20.5366,Cadillac_ATS AWD
Compact Cars,19.7749,Cadillac_ATS-V
Compact Cars,18.6736,Cadillac_ATS-V
Compact Cars,33.2416,Chevrolet_CRUZE
Compact Cars,32.038,Chevrolet_CRUZE
Compact Cars,36.8031,Chevrolet_CRUZE
Compact Cars,32.038,Chevrolet_CRUZE PREMIER
Compact Cars,28.8278,Chevrolet_SONIC
Compact Cars,31.1187,Chevrolet_SONIC
Compact Cars,27.8047,Ford_Fiesta ST FWD
Compact Cars,23.2939,GENESIS_G70 AWD
Compact Cars,20.2749,GENESIS_G70 AWD
Compact Cars,24.8653,GENESIS_G70 RWD
Compact Cars,21.6779,GENESIS_G70 RWD
Compact Cars,20.8702,GENESIS_G70 RWD
Compact Cars,34.5174,Honda_CIVIC 2Dr
Compact Cars,32.7841,Honda_CIVIC 2Dr
Compact Cars,31.6578,Honda_CIVIC 2Dr
Compact Cars,33.3494,Honda_CIVIC 2Dr
Compact Cars,31.5509,Honda_CIVIC 2Dr
Compact Cars,29.0774,Honda_CIVIC 2Dr
Compact Cars,31.9544,HYUNDAI MOTOR COMPANY_Accent
Compact Cars,31.278,HYUNDAI MOTOR COMPANY_Accent
Compact Cars,30.2742,HYUNDAI MOTOR COMPANY_Veloster
Compact Cars,28.9551,HYUNDAI MOTOR COMPANY_Veloster
Compact Cars,29.847,HYUNDAI MOTOR COMPANY_Veloster
Compact Cars,28.2369,HYUNDAI MOTOR COMPANY_Veloster
Compact Cars,24.7001,HYUNDAI MOTOR COMPANY_Veloster N
Compact Cars,27,INFINITI_QX30
Compact Cars,24.7355,INFINITI_QX30 AWD
Compact Cars,35.8667,Jaguar_XE
Compact Cars,28.4037,Jaguar_XE
Compact Cars,23.9925,Jaguar_XE
Compact Cars,34.0109,Jaguar_XE AWD
Compact Cars,27.6136,Jaguar_XE AWD
Compact Cars,23.1223,Jaguar_XE AWD
Compact Cars,18.4758,Jaguar_XE AWD
Compact Cars,31.6614,KIA MOTORS CORPORATION_Rio
Compact Cars,31.8592,KIA MOTORS CORPORATION_Rio
Compact Cars,18.751,LEXUS_GS F
Compact Cars,24.4904,LEXUS_IS 300
Compact Cars,21.4965,LEXUS_IS 300 AWD
Compact Cars,22.8079,LEXUS_IS 350
Compact Cars,21.4965,LEXUS_IS 350 AWD
Compact Cars,42.0612,LEXUS_UX 250h
Compact Cars,39,LEXUS_UX 250h AWD
Compact Cars,30.6958,MAZDA_CX-3 2WD
Compact Cars,29.169,MAZDA_CX-3 4WD
Compact Cars,34.9351,MAZDA_MAZDA2
Compact Cars,34.0784,MAZDA_MAZDA2
Compact Cars,30.177,MAZDA_Mazda3 4-Door 2WD
Compact Cars,29.6181,MAZDA_Mazda3 4-Door 2WD
Compact Cars,28.3285,MAZDA_Mazda3 4-Door 4WD
Compact Cars,21.9176,Mercedes-Benz_AMG C 43 4MATIC
Compact Cars,20.9747,Mercedes-Benz_AMG C 63
Compact Cars,20.9747,Mercedes-Benz_AMG C 63 S
Compact Cars,25.6759,Mercedes-Benz_AMG CLA 45 4MATIC
Compact Cars,23.4607,Mercedes-Benz_AMG CLS53 4MATIC+
Compact Cars,20.9556,Mercedes-Benz_AMG GT 53 4MATIC+
Compact Cars,17.1795,Mercedes-Benz_AMG GT 63 4MATIC+
Compact Cars,17.1261,Mercedes-Benz_AMG GT 63 S 4MATIC+
Compact Cars,20.2762,Mercedes-Benz_AMG S 63 4MATIC (coupe)
Compact Cars,16.092,Mercedes-Benz_AMG S 65 (coupe)
Compact Cars,26.8058,Mercedes-Benz_C 300
Compact Cars,26.0134,Mercedes-Benz_C 300 4MATIC
Compact Cars,28.6744,Mercedes-Benz_CLA 250
Compact Cars,26.9404,Mercedes-Benz_CLA 250 4MATIC
Compact Cars,26.9404,Mercedes-Benz_CLA 250 4MATIC
Compact Cars,26.4979,Mercedes-Benz_CLS 450
Compact Cars,25.7655,Mercedes-Benz_CLS 450 4MATIC
Compact Cars,20.1091,Mercedes-Benz_S 560 4MATIC (coupe)
Compact Cars,38.5478,Mitsubishi Motors Corporation_MIRAGE
Compact Cars,36.398,Mitsubishi Motors Corporation_MIRAGE
Compact Cars,37,Mitsubishi Motors Corporation_MIRAGE G4
Compact Cars,35,Mitsubishi Motors Corporation_MIRAGE G4
Compact Cars,33.9709,NISSAN_VERSA
Compact Cars,30,NISSAN_VERSA
Compact Cars,13.8915,Rolls-Royce Motor Cars Limited_Dawn
Compact Cars,20.5284,Subaru_WRX
Compact Cars,23.1122,Subaru_WRX
Compact Cars,18.6094,Subaru_WRX
Compact Cars,28.8126,TOYOTA_C-HR
Compact Cars,35.7647,TOYOTA_COROLLA HATCHBACK
Compact Cars,31.4664,TOYOTA_COROLLA HATCHBACK MANUAL
Compact Cars,33.1681,TOYOTA_COROLLA HATCHBACK XSE
Compact Cars,46.2114,TOYOTA_PRIUS c
Compact Cars,31.8498,TOYOTA_YARIS
Compact Cars,35,TOYOTA_YARIS
Compact Cars,34.3374,TOYOTA_YARIS
Compact Cars,28.7418,Volkswagen_Beetle
Compact Cars,31.9721,Volkswagen_Golf
Compact Cars,32.2662,Volkswagen_Golf
Compact Cars,25.7027,Volkswagen_Golf R
Compact Cars,23.6775,Volkswagen_Golf R
Compact Cars,27.2073,Volkswagen_GTI
Compact Cars,27.0448,Volkswagen_GTI
Compact Cars,33.8068,Volkswagen_Jetta
Compact Cars,33.583,Volkswagen_Jetta
Compact Cars,28.0564,Volkswagen_Jetta
Compact Cars,27.5279,Volkswagen_Jetta
Compact Cars,25.1479,"Volvo Cars of North America, LLC_S60 AWD"
Compact Cars,27.9767,"Volvo Cars of North America, LLC_S60 FWD"
Midsize Cars,28,Acura_RLX
Midsize Cars,23.1967,Acura_RLX
Midsize Cars,26.9548,ALFA ROMEO_Giulia
Midsize Cars,19.7059,ALFA ROMEO_Giulia
Midsize Cars,25.5433,ALFA ROMEO_Giulia AWD
Midsize Cars,27.1178,Audi_A5 Sportback quattro
Midsize Cars,24.6075,Audi_A6 quattro
Midsize Cars,24.6075,Audi_A7 quattro
Midsize Cars,20.4608,Audi_RS 5 Sportback
Midsize Cars,24.0356,Audi_S5 Sportback
Midsize Cars,11.771,Bentley_Mulsanne
Midsize Cars,27.4016,BMW_530i
Midsize Cars,26.7896,BMW_530i xDrive
Midsize Cars,23.8145,BMW_540i
Midsize Cars,24.0308,BMW_540i xDrive
Midsize Cars,16.9762,BMW_M5
Midsize Cars,16.9762,BMW_M5 Competition
Midsize Cars,20.4315,BMW_M550i xDrive
Midsize Cars,25.403,BMW_X2 M35i
Midsize Cars,25.9479,BMW_X2 sDrive28i
Midsize Cars,24.7785,BMW_X2 xDrive28i
Midsize Cars,28.6741,Buick_LACROSSE
Midsize Cars,23.7011,Buick_LACROSSE
Midsize Cars,23.2106,Buick_LACROSSE AWD
Midsize Cars,25.7735,Buick_REGAL
Midsize Cars,24.3822,Buick_REGAL AWD
Midsize Cars,22,Buick_REGAL AWD
Midsize Cars,25.1291,Cadillac_CTS
Midsize Cars,22.5028,Cadillac_CTS
Midsize Cars,19,Cadillac_CTS
Midsize Cars,23.7089,Cadillac_CTS AWD
Midsize Cars,20.5366,Cadillac_CTS AWD
Midsize Cars,16.3965,Cadillac_CTS-V
Midsize Cars,32.038,Chevrolet_CRUZE HATCHBACK
Midsize Cars,35,Chevrolet_CRUZE HATCHBACK
Midsize Cars,31,Chevrolet_CRUZE PREMIER HATCHBACK
Midsize Cars,31.5418,Chevrolet_MALIBU
Midsize Cars,46.3689,Chevrolet_MALIBU
Midsize Cars,25.7929,Chevrolet_MALIBU
Midsize Cars,22.7798,Dodge_Challenger
Midsize Cars,19.062,Dodge_Challenger
Midsize Cars,17.9612,Dodge_Challenger
Midsize Cars,17.8371,Dodge_Challenger
Midsize Cars,16.9149,Dodge_Challenger
Midsize Cars,21.4055,Dodge_Challenger GT
Midsize Cars,16.2222,Dodge_Challenger SRT
Midsize Cars,15.5775,Dodge_Challenger SRT
Midsize Cars,22.99,Ford_FUSION AWD
Midsize Cars,20,Ford_FUSION AWD
Midsize Cars,27.156,Ford_FUSION FWD
Midsize Cars,24.8156,Ford_FUSION FWD
Midsize Cars,24.6424,Ford_FUSION FWD
Midsize Cars,42,Ford_FUSION HYBRID FWD
Midsize Cars,41,Ford_FUSION HYBRID TAXI
Midsize Cars,25.9525,Honda_ACCORD 2.0T SPORT/TOURING
Midsize Cars,35.6103,Honda_CIVIC 4Dr
Midsize Cars,33.2383,Honda_CIVIC 4Dr
Midsize Cars,31.6578,Honda_CIVIC 4Dr
Midsize Cars,33.0377,Honda_CIVIC 4Dr
Midsize Cars,32.0019,Honda_CIVIC 4Dr
Midsize Cars,29.4217,Honda_CIVIC 4Dr
Midsize Cars,51.9827,Honda_INSIGHT
Midsize Cars,47.975,Honda_INSIGHT TOURING
Midsize Cars,34.8198,HYUNDAI MOTOR COMPANY_Elantra
Midsize Cars,29.1938,HYUNDAI MOTOR COMPANY_Elantra
Midsize Cars,25.0067,HYUNDAI MOTOR COMPANY_Elantra
Midsize Cars,31.5974,HYUNDAI MOTOR COMPANY_Elantra
Midsize Cars,29.4374,HYUNDAI MOTOR COMPANY_Elantra
Midsize Cars,32.5978,HYUNDAI MOTOR COMPANY_Elantra SE
Midsize Cars,41,HYUNDAI MOTOR COMPANY_Sonata HYBRID
Midsize Cars,42,HYUNDAI MOTOR COMPANY_Sonata HYBRID SE
Midsize Cars,25,INFINITI_Q50
Midsize Cars,23.0508,INFINITI_Q50
Midsize Cars,24.3554,INFINITI_Q50 AWD
Midsize Cars,21.8501,INFINITI_Q50 AWD
Midsize Cars,21.9477,INFINITI_Q50 AWD RED SPORT
Midsize Cars,22.0312,INFINITI_Q50 RED SPORT
Midsize Cars,21.3231,INFINITI_Q70
Midsize Cars,18.9741,INFINITI_Q70
Midsize Cars,20.1125,INFINITI_Q70 AWD
Midsize Cars,18.1274,INFINITI_Q70 AWD
Midsize Cars,35.1055,Jaguar_XF
Midsize Cars,28.4037,Jaguar_XF
Midsize Cars,23.378,Jaguar_XF
Midsize Cars,34.0109,Jaguar_XF AWD
Midsize Cars,26.6728,Jaguar_XF AWD
Midsize Cars,22.6633,Jaguar_XF AWD
Midsize Cars,33.6738,KIA MOTORS CORPORATION_Forte
Midsize Cars,31.0015,KIA MOTORS CORPORATION_Forte
Midsize Cars,34.7078,KIA MOTORS CORPORATION_Forte FE
Midsize Cars,41.3755,KIA MOTORS CORPORATION_Optima Hybrid
Midsize Cars,24.1415,KIA MOTORS CORPORATION_Stinger AWD
Midsize Cars,20.1167,KIA MOTORS CORPORATION_Stinger AWD
Midsize Cars,24.5081,KIA MOTORS CORPORATION_Stinger RWD
Midsize Cars,20.1077,KIA MOTORS CORPORATION_Stinger RWD
Midsize Cars,44.1781,LEXUS_ES 300h
Midsize Cars,25.7278,LEXUS_ES 350
Midsize Cars,25.0685,LEXUS_ES 350 F SPORT
Midsize Cars,25.6041,LEXUS_GS 300
Midsize Cars,24.0078,LEXUS_GS 300 F SPORT
Midsize Cars,22.8079,LEXUS_GS 350
Midsize Cars,21.4965,LEXUS_GS 350 AWD
Midsize Cars,21.8089,LEXUS_GS 350 F SPORT
Midsize Cars,22.9095,LEXUS_LS 500
Midsize Cars,21.1025,LEXUS_LS 500 AWD
Midsize Cars,27.9953,LEXUS_LS 500h
Midsize Cars,25.8302,LEXUS_LS 500h AWD
Midsize Cars,32.5224,LEXUS_UX 200
Midsize Cars,22.99,Lincoln_MKZ AWD
Midsize Cars,19.9357,Lincoln_MKZ AWD
Midsize Cars,23.8346,Lincoln_MKZ FWD
Midsize Cars,20.9122,Lincoln_MKZ FWD
Midsize Cars,41,Lincoln_MKZ HYBRID FWD
Midsize Cars,18.7251,MASERATI_Ghibli  S RWD
Midsize Cars,19.3234,MASERATI_Ghibli V6 Rear Wheel Drive (RWD)
Midsize Cars,18.6881,MASERATI_Ghibli V6 SQ4 AWD
Midsize Cars,29.5971,MAZDA_Mazda3 5-Door 2WD
Midsize Cars,29.1829,MAZDA_Mazda3 5-Door 2WD
Midsize Cars,27,MAZDA_Mazda3 5-Door 4WD
Midsize Cars,29.3889,MAZDA_MAZDA6
Midsize Cars,26.4147,MAZDA_MAZDA6
Midsize Cars,27,MAZDA_MAZDA6
Midsize Cars,17.5069,Mercedes-Benz_AMG E 63 S 4MATIC
Midsize Cars,24.01,Mercedes-Benz_AMG E53 4MATIC+
Midsize Cars,24.7223,Mercedes-Benz_E 300
Midsize Cars,24.2736,Mercedes-Benz_E 300 4MATIC
Midsize Cars,22.7114,Mercedes-Benz_E 450 4MATIC
Midsize Cars,27.2554,Mini_COOPER CLUBMAN
Midsize Cars,27.7321,Mini_COOPER CLUBMAN
Midsize Cars,26.0144,Mini_COOPER CLUBMAN ALL4
Midsize Cars,25.8524,Mini_COOPER CLUBMAN ALL4
Midsize Cars,27.2554,Mini_COOPER COUNTRYMAN
Midsize Cars,27.7321,Mini_COOPER COUNTRYMAN
Midsize Cars,25.4701,Mini_COOPER COUNTRYMAN ALL4
Midsize Cars,25.8524,Mini_COOPER COUNTRYMAN ALL4
Midsize Cars,26.6103,Mini_COOPER S CLUBMAN
Midsize Cars,25.3168,Mini_COOPER S CLUBMAN
Midsize Cars,25.6535,Mini_COOPER S CLUBMAN ALL4
Midsize Cars,24.1592,Mini_COOPER S CLUBMAN ALL4
Midsize Cars,26.6103,Mini_COOPER S COUNTRYMAN
Midsize Cars,25.542,Mini_COOPER S COUNTRYMAN ALL4
Midsize Cars,24.199,Mini_COOPER S COUNTRYMAN ALL4
Midsize Cars,25.1953,Mini_JCW COUNTRYMAN ALL4
Midsize Cars,24.199,Mini_JCW COUNTRYMAN ALL4
Midsize Cars,25.6535,Mini_JOHN COOPER WORKS CLUBMAN ALL4
Midsize Cars,24.1592,Mini_JOHN COOPER WORKS CLUBMAN ALL4
Midsize Cars,32,NISSAN_ALTIMA
Midsize Cars,30.2172,NISSAN_ALTIMA AWD
Midsize Cars,29,NISSAN_ALTIMA AWD SR/PLATINUM
Midsize Cars,28.6068,NISSAN_ALTIMA SR/PLATINUM
Midsize Cars,30.9338,NISSAN_ALTIMA SR/PLATINUM
Midsize Cars,32.8041,NISSAN_Kicks
Midsize Cars,24.2647,NISSAN_MAXIMA
Midsize Cars,29,NISSAN_SENTRA
Midsize Cars,32.2567,NISSAN_SENTRA
Midsize Cars,29.9942,NISSAN_SENTRA
Midsize Cars,27,NISSAN_SENTRA NISMO
Midsize Cars,27,NISSAN_SENTRA NISMO
Midsize Cars,14.1837,Rolls-Royce Motor Cars Limited_Wraith
Midsize Cars,31.5296,Subaru_IMPREZA 4-Door
Midsize Cars,26.7117,Subaru_IMPREZA 4-Door
Midsize Cars,30.443,Subaru_IMPREZA 4-Door SPORT
Midsize Cars,26.2235,Subaru_IMPREZA 4-Door SPORT
Midsize Cars,28.5128,Subaru_LEGACY
Midsize Cars,22.8491,Subaru_LEGACY
Midsize Cars,24.9298,TOYOTA_AVALON
Midsize Cars,43.2262,TOYOTA_AVALON HYBRID
Midsize Cars,43.6328,TOYOTA_AVALON HYBRID XLE
Midsize Cars,25.9247,TOYOTA_AVALON XLE
Midsize Cars,33.9783,TOYOTA_CAMRY
Midsize Cars,26.1901,TOYOTA_CAMRY
Midsize Cars,51.7504,TOYOTA_CAMRY HYBRID LE
Midsize Cars,46.2351,TOYOTA_CAMRY HYBRID XLE/SE
Midsize Cars,31.9889,TOYOTA_CAMRY LE/SE
Midsize Cars,32.3209,TOYOTA_CAMRY XLE/XSE
Midsize Cars,25.6327,TOYOTA_CAMRY XSE
Midsize Cars,31.5246,TOYOTA_COROLLA
Midsize Cars,30.9046,TOYOTA_COROLLA
Midsize Cars,30.406,TOYOTA_COROLLA
Midsize Cars,34.0354,TOYOTA_COROLLA LE ECO
Midsize Cars,32.6559,TOYOTA_COROLLA LE ECO
Midsize Cars,52.3985,TOYOTA_PRIUS
Midsize Cars,50,TOYOTA_PRIUS AWD
Midsize Cars,55.7,TOYOTA_PRIUS Eco
Midsize Cars,29.218,Volkswagen_Passat
Midsize Cars,24.6242,"Volvo Cars of North America, LLC_S90 AWD"
Midsize Cars,25.6332,"Volvo Cars of North America, LLC_S90 AWD"
Midsize Cars,27,"Volvo Cars of North America, LLC_S90 FWD"
Large Cars,21.8276,Audi_A8L
Large Cars,26.7896,BMW_330i xDrive Gran Turismo
Large Cars,23.1027,BMW_340i xDrive Gran Turismo
Large Cars,22.8452,BMW_640i xDrive Gran Turismo
Large Cars,23.8507,BMW_740i
Large Cars,23.1027,BMW_740i xDrive
Large Cars,20.5995,BMW_750i
Large Cars,19.8061,BMW_750i xDrive
Large Cars,19.8061,BMW_Alpina B7 xDrive
Large Cars,15.6278,BMW_M760i xDrive
Large Cars,26.3011,BMW_X1 sDrive28i
Large Cars,25.3164,BMW_X1 xDrive28i
Large Cars,28,Cadillac_CT6
Large Cars,20.7391,Cadillac_CT6 AWD
Large Cars,21.1967,Cadillac_CT6 AWD
Large Cars,21.7599,Cadillac_XTS
Large Cars,20,Cadillac_XTS AWD
Large Cars,18.3488,Cadillac_XTS AWD
Large Cars,24.566,Chevrolet_IMPALA
Large Cars,21.9191,Chevrolet_IMPALA
Large Cars,21.7518,Chevrolet_IMPALA
Large Cars,22.7798,Chrysler_300
Large Cars,22.7798,Chrysler_300
Large Cars,19.062,Chrysler_300
Large Cars,21.4055,Chrysler_300 AWD
Large Cars,21.4055,Chrysler_300 AWD
Large Cars,22.7798,Dodge_Charger
Large Cars,22.7798,Dodge_Charger
Large Cars,19.062,Dodge_Charger
Large Cars,17.8371,Dodge_Charger
Large Cars,21.4055,Dodge_Charger AWD
Large Cars,16.2222,Dodge_Charger SRT
Large Cars,19,Ford_TAURUS AWD
Large Cars,18.8946,Ford_TAURUS AWD
Large Cars,19,Ford_TAURUS AWD FFV
Large Cars,20.7996,Ford_TAURUS FWD
Large Cars,20.7997,Ford_TAURUS FWD FFV
Large Cars,19.6948,GENESIS_G80 AWD
Large Cars,20.117,GENESIS_G80 AWD
Large Cars,17.7991,GENESIS_G80 AWD
Large Cars,20.2026,GENESIS_G80 RWD
Large Cars,21.1622,GENESIS_G80 RWD
Large Cars,18.812,GENESIS_G80 RWD
Large Cars,19.8232,GENESIS_G90 AWD
Large Cars,18.1031,GENESIS_G90 AWD
Large Cars,19.6835,GENESIS_G90 RWD
Large Cars,18.5529,GENESIS_G90 RWD
Large Cars,33.2814,Honda_ACCORD
Large Cars,31.2824,Honda_ACCORD
Large Cars,29.7143,Honda_ACCORD
Large Cars,27.0324,Honda_ACCORD
Large Cars,48.4664,Honda_ACCORD
Large Cars,25.6759,Honda_ACCORD
Large Cars,34.2094,Honda_CIVIC 5Dr
Large Cars,32.2283,Honda_CIVIC 5Dr
Large Cars,32.5477,Honda_CIVIC 5Dr
Large Cars,24.5197,Honda_CIVIC 5Dr
Large Cars,27.6399,HYUNDAI MOTOR COMPANY_Elantra GT
Large Cars,25.5513,HYUNDAI MOTOR COMPANY_Elantra GT
Large Cars,27.489,HYUNDAI MOTOR COMPANY_Elantra GT
Large Cars,54.5885,HYUNDAI MOTOR COMPANY_Ioniq
Large Cars,57.7824,HYUNDAI MOTOR COMPANY_Ioniq Blue
Large Cars,31.1698,HYUNDAI MOTOR COMPANY_Sonata
Large Cars,25.9803,HYUNDAI MOTOR COMPANY_Sonata
Large Cars,28.1721,HYUNDAI MOTOR COMPANY_Sonata
Large Cars,29.085,HYUNDAI MOTOR COMPANY_Sonata SE
Large Cars,21.3866,Jaguar_XJ
Large Cars,17.6782,Jaguar_XJ
Large Cars,19.9822,Jaguar_XJ AWD
Large Cars,21.2207,Jaguar_XJL
Large Cars,17.6782,Jaguar_XJL
Large Cars,19.7354,Jaguar_XJL AWD
Large Cars,22.879,KIA MOTORS CORPORATION_Cadenza
Large Cars,20.8639,KIA MOTORS CORPORATION_K900
Large Cars,30.5243,KIA MOTORS CORPORATION_Optima
Large Cars,24.2002,KIA MOTORS CORPORATION_Optima
Large Cars,27.4732,KIA MOTORS CORPORATION_Optima
Large Cars,28.7852,KIA MOTORS CORPORATION_Optima FE
Large Cars,19.7556,Lincoln_CONTINENTAL AWD
Large Cars,19.0302,Lincoln_CONTINENTAL AWD
Large Cars,19.1989,Lincoln_CONTINENTAL AWD
Large Cars,20.9537,Lincoln_CONTINENTAL FWD
Large Cars,20.1608,Lincoln_CONTINENTAL FWD
Large Cars,18.3676,MASERATI_QUATTROPORTE S
Large Cars,18.3114,MASERATI_QUATTROPORTE SQ4 V6
Large Cars,17.1931,MASERATI_QUATTROPORTE V8
Large Cars,20.0251,Mercedes-Benz_AMG S 63 4MATIC
Large Cars,15.5264,Mercedes-Benz_AMG S 65
Large Cars,15.5665,Mercedes-Benz_Maybach S 650
Large Cars,21.973,Mercedes-Benz_S 450
Large Cars,21.7132,Mercedes-Benz_S 450 4MATIC
Large Cars,20.5095,Mercedes-Benz_S 560
Large Cars,20.7551,Mercedes-Benz_S 560 4MATIC
Large Cars,19.4129,Mercedes-Benz_S 560 4MATIC Maybach
Large Cars,22.3176,Porsche_Panamera 4
Large Cars,22.3176,Porsche_Panamera 4 Executive
Large Cars,21,Porsche_Panamera 4S
Large Cars,21,Porsche_Panamera 4S Executive
Large Cars,18.8765,Porsche_Panamera GTS
Large Cars,18.2114,Porsche_Panamera GTS ST
Large Cars,20.9847,Porsche_Panamera Turbo
Large Cars,20.9847,Porsche_Panamera Turbo Executive
Large Cars,19.7064,Porsche_Panamera Turbo ST
Large Cars,13.8915,Rolls-Royce Motor Cars Limited_Ghost
Large Cars,13.8915,Rolls-Royce Motor Cars Limited_Ghost EWB
Large Cars,14.391,Rolls-Royce Motor Cars Limited_Phantom
Large Cars,14.391,Rolls-Royce Motor Cars Limited_Phantom EWB
Large Cars,25.237,Volkswagen_Arteon
Large Cars,22.5477,Volkswagen_Arteon 4Motion
Small Station Wagons,26.7896,BMW_330i xDrive Sports Wagon
Small Station Wagons,24.3822,Buick_REGAL TOUR X AWD
Small Station Wagons,28.8278,Chevrolet_SONIC 5
Small Station Wagons,29.4097,Chevrolet_SONIC 5
Small Station Wagons,24.9382,FIAT_500L
Small Station Wagons,36.467,Honda_FIT
Small Station Wagons,33,Honda_FIT
Small Station Wagons,31.4721,Honda_FIT
Small Station Wagons,28.5595,Honda_HR-V AWD
Small Station Wagons,28.2867,Honda_HR-V AWD
Small Station Wagons,30.25,Honda_HR-V FWD
Small Station Wagons,30.25,Honda_HR-V FWD
Small Station Wagons,48.6987,KIA MOTORS CORPORATION_Niro
Small Station Wagons,50.4101,KIA MOTORS CORPORATION_Niro FE
Small Station Wagons,43.175,KIA MOTORS CORPORATION_Niro Touring
Small Station Wagons,27.7325,KIA MOTORS CORPORATION_Soul
Small Station Wagons,28.0549,KIA MOTORS CORPORATION_Soul
Small Station Wagons,26.6288,KIA MOTORS CORPORATION_Soul
Small Station Wagons,26.7944,KIA MOTORS CORPORATION_Soul
Small Station Wagons,28,NISSAN_Rogue Sport
Small Station Wagons,27,NISSAN_Rogue Sport AWD
Small Station Wagons,31.2349,Subaru_IMPREZA 5-Door
Small Station Wagons,26.4104,Subaru_IMPREZA 5-Door
Small Station Wagons,30.2489,Subaru_IMPREZA 5-Door SPORT
Small Station Wagons,25.2689,Subaru_IMPREZA 5-Door SPORT
Small Station Wagons,24.89,Volkswagen_Golf Alltrack
Small Station Wagons,24.471,Volkswagen_Golf Alltrack
Small Station Wagons,30.7968,Volkswagen_Golf SportWagen
Small Station Wagons,32.2662,Volkswagen_Golf SportWagen
Small Station Wagons,24.4711,Volkswagen_Golf SportWagen 4Motion
Small Station Wagons,25.1839,Volkswagen_Golf SportWagen 4Motion
Small Station Wagons,24.6242,"Volvo Cars of North America, LLC_V60 AWD"
Small Station Wagons,25.1898,"Volvo Cars of North America, LLC_V60 CC AWD"
Small Station Wagons,27.9767,"Volvo Cars of North America, LLC_V60 FWD"
Midsize Station Wagons,20.7786,Jaguar_XF Sportbrake AWD
Midsize Station Wagons,18.5852,Mercedes-Benz_AMG E 63 S 4MATIC (Station Wagon
Midsize Station Wagons,24.5243,Mercedes-Benz_AMG GLA 45 4MATIC
Midsize Station Wagons,21.8116,Mercedes-Benz_E 450 4MATIC (station wagon)
Midsize Station Wagons,22.9256,NISSAN_MURANO AWD
Midsize Station Wagons,23.2733,NISSAN_MURANO FWD
Midsize Station Wagons,14.391,Rolls-Royce Motor Cars Limited_Cullinan
Midsize Station Wagons,24.6242,"Volvo Cars of North America, LLC_V90 AWD"
Midsize Station Wagons,23.7938,"Volvo Cars of North America, LLC_V90 CC AWD"
Midsize Station Wagons,25.0909,"Volvo Cars of North America, LLC_V90 CC AWD"
Midsize Station Wagons,27,"Volvo Cars of North America, LLC_V90 FWD"
Small Pick-up Trucks 2WD,21.8534,Chevrolet_COLORADO 2WD
Small Pick-up Trucks 2WD,22.0252,Chevrolet_COLORADO 2WD
Small Pick-up Trucks 2WD,23.3948,Chevrolet_COLORADO 2WD
Small Pick-up Trucks 2WD,20.1722,Chevrolet_COLORADO 2WD
Small Pick-up Trucks 2WD,21.8534,GMC_CANYON 2WD
Small Pick-up Trucks 2WD,22.0252,GMC_CANYON 2WD
Small Pick-up Trucks 2WD,23.3948,GMC_CANYON 2WD
Small Pick-up Trucks 2WD,20.1722,GMC_CANYON 2WD
Small Pick-up Trucks 2WD,21.5263,Honda_RIDGELINE FWD
Small Pick-up Trucks 2WD,19.0936,NISSAN_FRONTIER 2WD
Small Pick-up Trucks 2WD,21.1054,NISSAN_FRONTIER 2WD
Small Pick-up Trucks 2WD,18.5884,NISSAN_FRONTIER 2WD
Small Pick-up Trucks 2WD,18.5186,NISSAN_FRONTIER 2WD
Small Pick-up Trucks 2WD,18.0546,NISSAN_FRONTIER 2WD FFV
Small Pick-up Trucks 2WD,21.0804,TOYOTA_TACOMA 2WD
Small Pick-up Trucks 2WD,20.6457,TOYOTA_TACOMA 2WD
Small Pick-up Trucks 4WD,20.718,Chevrolet_COLORADO 4WD
Small Pick-up Trucks 4WD,22.3588,Chevrolet_COLORADO 4WD
Small Pick-up Trucks 4WD,19.3196,Chevrolet_COLORADO 4WD
Small Pick-up Trucks 4WD,19.416,Chevrolet_COLORADO ZR2 4WD
Small Pick-up Trucks 4WD,16.6991,Chevrolet_COLORADO ZR2 4WD
Small Pick-up Trucks 4WD,20.718,GMC_CANYON 4WD
Small Pick-up Trucks 4WD,22.3588,GMC_CANYON 4WD
Small Pick-up Trucks 4WD,19.3196,GMC_CANYON 4WD
Small Pick-up Trucks 4WD,17.1718,NISSAN_FRONTIER 4WD
Small Pick-up Trucks 4WD,17.5098,NISSAN_FRONTIER 4WD
Small Pick-up Trucks 4WD,17.1221,NISSAN_FRONTIER 4WD FFV
Small Pick-up Trucks 4WD,20.0556,TOYOTA_TACOMA 4WD
Small Pick-up Trucks 4WD,19.831,TOYOTA_TACOMA 4WD
Small Pick-up Trucks 4WD,18.4907,TOYOTA_TACOMA 4WD
Small Pick-up Trucks 4WD,18.3086,TOYOTA_TACOMA 4WD D-CAB V6 MT OFF-ROAD
Small Pick-up Trucks 4WD,19.831,TOYOTA_TACOMA 4WD TRD PRO
Small Pick-up Trucks 4WD,18.3086,TOYOTA_TACOMA 4WD TRD PRO
Standard Pick-up Trucks 2WD,21.0999,Chevrolet_C10 SILVERADO 2WD
Standard Pick-up Trucks 2WD,20.0462,Chevrolet_C10 SILVERADO 2WD
Standard Pick-up Trucks 2WD,17.4787,Chevrolet_C10 SILVERADO 2WD
Standard Pick-up Trucks 2WD,16.8203,Chevrolet_C10 SILVERADO 2WD
Standard Pick-up Trucks 2WD,16.9515,Chevrolet_C10 SILVERADO 2WD
Standard Pick-up Trucks 2WD,19.4955,Chevrolet_C10 SILVERADO 2WD
Standard Pick-up Trucks 2WD,18.9908,Chevrolet_C10 SILVERADO 2WD
Standard Pick-up Trucks 2WD,17.4389,Chevrolet_C15 SILVERADO LD 2WD
Standard Pick-up Trucks 2WD,21,Ford_F150 2.7L 2WD GVWR>6649 LBS
Standard Pick-up Trucks 2WD,21,Ford_F150 2WD BASE PAYLOAD LT TIRE
Standard Pick-up Trucks 2WD,24,Ford_F150 2WD BASE PAYLOAD LT TIRE
Standard Pick-up Trucks 2WD,19,Ford_F150 2WD BASE PAYLOAD LT TIRE
Standard Pick-up Trucks 2WD,21,Ford_F150 2WD FFV BASE PAYLOAD LT
Standard Pick-up Trucks 2WD,18,Ford_F150 2WD FFV BASE PAYLOAD LT
Standard Pick-up Trucks 2WD,19,Ford_F150 3.5L 2WD GVWR>7599 LBS
Standard Pick-up Trucks 2WD,17,Ford_F150 5.0L 2WD FFV GVWR>7599 LBS
Standard Pick-up Trucks 2WD,22.2709,Ford_F150 PICKUP 2WD
Standard Pick-up Trucks 2WD,24.6765,Ford_F150 PICKUP 2WD
Standard Pick-up Trucks 2WD,20.7777,Ford_F150 PICKUP 2WD
Standard Pick-up Trucks 2WD,21.5677,Ford_F150 PICKUP 2WD FFV
Standard Pick-up Trucks 2WD,19.2025,Ford_F150 PICKUP 2WD FFV
Standard Pick-up Trucks 2WD,19.2183,Ford_F150 PICKUP 2WD LIMITED
Standard Pick-up Trucks 2WD,23.3249,Ford_RANGER 2WD
Standard Pick-up Trucks 2WD,21.0999,GMC_C10 SIERRA 2WD
Standard Pick-up Trucks 2WD,20.0462,GMC_C10 SIERRA 2WD
Standard Pick-up Trucks 2WD,17.4724,GMC_C10 SIERRA 2WD
Standard Pick-up Trucks 2WD,16.8203,GMC_C10 SIERRA 2WD
Standard Pick-up Trucks 2WD,16.9515,GMC_C10 SIERRA 2WD
Standard Pick-up Trucks 2WD,19.4955,GMC_C10 SIERRA 2WD
Standard Pick-up Trucks 2WD,18.8407,GMC_C10 SIERRA 2WD
Standard Pick-up Trucks 2WD,17.4389,GMC_C15 SIERRA LTD 2WD
Standard Pick-up Trucks 2WD,17.6405,NISSAN_TITAN 2WD
Standard Pick-up Trucks 2WD,21.8024,RAM_1500 4X2
Standard Pick-up Trucks 2WD,19.0135,RAM_1500 4X2
Standard Pick-up Trucks 2WD,17.2673,RAM_1500 4X2
Standard Pick-up Trucks 2WD,19.7182,RAM_1500 Classic 4X2
Standard Pick-up Trucks 2WD,17.3707,RAM_1500 Classic 4X2
Standard Pick-up Trucks 2WD,22.5459,RAM_1500 HFE 4X2
Standard Pick-up Trucks 2WD,12.17,"Roush Industries, Inc._F150 Pickup 2WD"
Standard Pick-up Trucks 2WD,16,TOYOTA_TUNDRA 2WD
Standard Pick-up Trucks 2WD,14.9087,TOYOTA_TUNDRA 2WD
Standard Pick-up Trucks 4WD,20.0462,Chevrolet_K10 SILVERADO 4WD
Standard Pick-up Trucks 4WD,19.1431,Chevrolet_K10 SILVERADO 4WD
Standard Pick-up Trucks 4WD,16.7517,Chevrolet_K10 SILVERADO 4WD
Standard Pick-up Trucks 4WD,16.2649,Chevrolet_K10 SILVERADO 4WD
Standard Pick-up Trucks 4WD,17.1996,Chevrolet_K10 SILVERADO 4WD
Standard Pick-up Trucks 4WD,18.0761,Chevrolet_K10 SILVERADO 4WD
Standard Pick-up Trucks 4WD,17.219,Chevrolet_K10 SILVERADO 4WD
Standard Pick-up Trucks 4WD,15.9055,Chevrolet_K10 SILVERADO 4WD TRAILBOSS
Standard Pick-up Trucks 4WD,16,Chevrolet_K10 SILVERADO 4WD TRAILBOSS
Standard Pick-up Trucks 4WD,17.4563,Chevrolet_K10 SILVERADO 4WD TRAILBOSS
Standard Pick-up Trucks 4WD,17.2222,Chevrolet_K15 SILVERADO LD 4WD
Standard Pick-up Trucks 4WD,20,Ford_F150 2.7L 4WD GVWR>6799 LBS
Standard Pick-up Trucks 4WD,18,Ford_F150 3.5L 4WD GVWR>7599 LBS
Standard Pick-up Trucks 4WD,20,Ford_F150 4WD BASE PAYLOAD LT TIRE
Standard Pick-up Trucks 4WD,22.0128,Ford_F150 4WD BASE PAYLOAD LT TIRE
Standard Pick-up Trucks 4WD,18,Ford_F150 4WD BASE PAYLOAD LT TIRE
Standard Pick-up Trucks 4WD,19,Ford_F150 4WD FFV BASE PAYLOAD LT
Standard Pick-up Trucks 4WD,17,Ford_F150 4WD FFV BASE PAYLOAD LT
Standard Pick-up Trucks 4WD,16,Ford_F150 5.0L 4WD FFV GVWR>7599 LBS
Standard Pick-up Trucks 4WD,20.9759,Ford_F150 PICKUP 4WD
Standard Pick-up Trucks 4WD,22.0128,Ford_F150 PICKUP 4WD
Standard Pick-up Trucks 4WD,18.8238,Ford_F150 PICKUP 4WD
Standard Pick-up Trucks 4WD,20.2358,Ford_F150 PICKUP 4WD FFV
Standard Pick-up Trucks 4WD,17.844,Ford_F150 PICKUP 4WD FFV
Standard Pick-up Trucks 4WD,18.8698,Ford_F150 PICKUP 4WD LIMITED
Standard Pick-up Trucks 4WD,24.2737,Ford_F150 PICKUP 4WD XL/XLT
Standard Pick-up Trucks 4WD,16.4075,Ford_F150 RAPTOR 4WD
Standard Pick-up Trucks 4WD,21.9968,Ford_RANGER 4WD
Standard Pick-up Trucks 4WD,19.897,GMC_K10 SIERRA 4WD
Standard Pick-up Trucks 4WD,18.6718,GMC_K10 SIERRA 4WD
Standard Pick-up Trucks 4WD,16.7517,GMC_K10 SIERRA 4WD
Standard Pick-up Trucks 4WD,16.3007,GMC_K10 SIERRA 4WD
Standard Pick-up Trucks 4WD,16.7454,GMC_K10 SIERRA 4WD
Standard Pick-up Trucks 4WD,17.4563,GMC_K10 SIERRA 4WD
Standard Pick-up Trucks 4WD,16.9264,GMC_K10 SIERRA 4WD
Standard Pick-up Trucks 4WD,17.4563,GMC_K10 SIERRA 4WD AT4
Standard Pick-up Trucks 4WD,17.2535,GMC_K10 SIERRA 4WD AT4
Standard Pick-up Trucks 4WD,17.2222,GMC_K15 SIERRA LTD 4WD
Standard Pick-up Trucks 4WD,20.7871,Honda_RIDGELINE AWD
Standard Pick-up Trucks 4WD,17.6143,NISSAN_TITAN 4WD
Standard Pick-up Trucks 4WD,16.9795,NISSAN_TITAN 4WD PRO-4X
Standard Pick-up Trucks 4WD,21.242,RAM_1500 4X4
Standard Pick-up Trucks 4WD,18.7854,RAM_1500 4X4
Standard Pick-up Trucks 4WD,17.0221,RAM_1500 4X4
Standard Pick-up Trucks 4WD,18.7039,RAM_1500 Classic 4X4
Standard Pick-up Trucks 4WD,16.8365,RAM_1500 Classic 4X4
Standard Pick-up Trucks 4WD,12.17,"Roush Industries, Inc._F150 Pickup 4WD"
Standard Pick-up Trucks 4WD,15.8533,TOYOTA_TUNDRA 4WD
Standard Pick-up Trucks 4WD,14.4679,TOYOTA_TUNDRA 4WD
Standard Pick-up Trucks 4WD,14.6162,TOYOTA_TUNDRA 4WD FFV
"Vans, Passenger Type",16.1024,Ford_Transit T150 Wagon
"Vans, Passenger Type",15.453,Ford_Transit T150 Wagon
"Vans, Passenger Type",15.4518,Ford_TRANSIT T150 WAGON FFV
Special Purpose Vehicle 2WD,17.1163,Cadillac_XTS HEARSE
Special Purpose Vehicle 2WD,17.1163,Cadillac_XTS LIMO
Special Purpose Vehicle 2WD,18.3156,Ford_RANGER 2WD INCOMPLETE
Special Purpose Vehicle 2WD,22.2684,Ford_TRANSIT CONNECT USPS
Special Purpose Vehicle 2WD,25.1953,Ford_Transit Connect Van 2WD
Special Purpose Vehicle 2WD,22.3224,Ford_Transit Connect Van 2WD
Special Purpose Vehicle 2WD,25.1953,Ford_TRANSIT CONNECT VAN FFV
Special Purpose Vehicle 2WD,25.6715,Ford_TRANSIT CONNECT WAGON LWB FFV
Special Purpose Vehicle 2WD,25.6715,Ford_Transit Connect Wagon LWB FWD
Special Purpose Vehicle 2WD,22.2055,Ford_Transit Connect Wagon LWB FWD
Special Purpose Vehicle 2WD,22.0025,Mercedes-Benz_Metris (Cargo Van)
Special Purpose Vehicle 2WD,22.3652,"Mercedes-Benz_Metris (Cargo Van, LWB)"
Special Purpose Vehicle 2WD,20.6194,Mercedes-Benz_Metris (Passenger Van)
Special Purpose Vehicle 2WD,25.1814,NISSAN_NV200 Cargo Van
Special Purpose Vehicle 2WD,24.1887,NISSAN_NV200 NYC Taxi
Special Purpose Vehicle 2WD,23.7776,RAM_Promaster City
Special Purpose Vehicle 4WD,16.2349,Lincoln_MKT HEARSE AWD
Special Purpose Vehicle 4WD,15.4595,Lincoln_MKT LIMO AWD
Special Purpose Vehicle 4WD,18,Lincoln_MKT LIVERY AWD
Special Purpose Vehicle cab chassis,17,Chevrolet_C10 SILVERADO 2WD CAB CHASSIS
Special Purpose Vehicle cab chassis,16,Chevrolet_C10 SILVERADO 2WD CAB CHASSIS
Special Purpose Vehicle cab chassis,15.4337,Chevrolet_COLORADO CAB CHASSIS 2WD
Special Purpose Vehicle cab chassis,15,Chevrolet_K10 SILVERADO 4WD CAB CHASSIS
Special Purpose Vehicle cab chassis,15,Chevrolet_K10 SILVERADO 4WD CAB CHASSIS
Special Purpose Vehicle cab chassis,17,GMC_C10 SIERRA 2WD CAB CHASSIS
Special Purpose Vehicle cab chassis,16,GMC_C10 SIERRA 2WD CAB CHASSIS
Special Purpose Vehicle cab chassis,15.4337,GMC_CANYON CAB CHASSIS 2WD
Special Purpose Vehicle cab chassis,15,GMC_K10 SIERRA 4WD CAB CHASSIS
Special Purpose Vehicle cab chassis,15,GMC_K10 SIERRA 4WD CAB CHASSIS
"Special Purpose Vehicle, minivan 2WD",22.2452,Chrysler_Pacifica
"Special Purpose Vehicle, minivan 2WD",22.1764,Chrysler_Pacifica
"Special Purpose Vehicle, minivan 2WD",19.9421,Dodge_Grand Caravan
"Special Purpose Vehicle, minivan 2WD",19.9421,Dodge_Grand Caravan
"Special Purpose Vehicle, minivan 2WD",22.3531,Honda_ODYSSEY FWD
"Special Purpose Vehicle, minivan 2WD",21.9345,Honda_ODYSSEY FWD
"Special Purpose Vehicle, minivan 2WD",20.5215,KIA MOTORS CORPORATION_Sedona
"Special Purpose Vehicle, minivan 2WD",21.8062,TOYOTA_SIENNA
"Special Purpose Vehicle, minivan 4WD",20.1322,TOYOTA_SIENNA AWD
Small SUV 2WD,23,Acura_MDX FWD
Small SUV 2WD,24,Acura_RDX FWD
Small SUV 2WD,23.6387,Acura_RDX FWD A-SPEC
Small SUV 2WD,25.3266,ALFA ROMEO_Stelvio
Small SUV 2WD,26.9819,Buick_ENCORE
Small SUV 2WD,28.4076,Buick_ENCORE
Small SUV 2WD,24.693,Buick_ENVISION FWD
Small SUV 2WD,26.4849,Cadillac_XT4 FWD
Small SUV 2WD,21.9229,Cadillac_XT5
Small SUV 2WD,23.779,Chevrolet_BLAZER FWD
Small SUV 2WD,21.9998,Chevrolet_BLAZER FWD
Small SUV 2WD,28.1801,Chevrolet_EQUINOX FWD
Small SUV 2WD,31.7581,Chevrolet_EQUINOX FWD
Small SUV 2WD,25.3669,Chevrolet_EQUINOX FWD
Small SUV 2WD,28.0161,Chevrolet_TRAX
Small SUV 2WD,21.1431,Dodge_Journey
Small SUV 2WD,19.4739,Dodge_Journey
Small SUV 2WD,28.1044,Ford_ECOSPORT FWD
Small SUV 2WD,24.5154,Ford_EDGE FWD
Small SUV 2WD,26.131,Ford_ESCAPE FWD
Small SUV 2WD,24.685,Ford_ESCAPE FWD
Small SUV 2WD,24.1496,Ford_ESCAPE FWD
Small SUV 2WD,24.1496,Ford_ESCAPE FWD FFV
Small SUV 2WD,27.8901,GMC_TERRAIN FWD
Small SUV 2WD,31.7581,GMC_TERRAIN FWD
Small SUV 2WD,24,GMC_TERRAIN FWD
Small SUV 2WD,30.3398,Honda_CR-V FWD
Small SUV 2WD,28.3439,Honda_CR-V FWD
Small SUV 2WD,21.8669,Honda_PASSPORT FWD
Small SUV 2WD,22.3536,Honda_PILOT FWD
Small SUV 2WD,22.7022,Honda_PILOT FWD
Small SUV 2WD,29.5096,HYUNDAI MOTOR COMPANY_Kona FWD
Small SUV 2WD,29.8132,HYUNDAI MOTOR COMPANY_Kona FWD
Small SUV 2WD,21.6913,HYUNDAI MOTOR COMPANY_Santa Fe FWD
Small SUV 2WD,24.6043,HYUNDAI MOTOR COMPANY_Santa Fe FWD
Small SUV 2WD,20.5028,HYUNDAI MOTOR COMPANY_Santa Fe XL FWD
Small SUV 2WD,19.7055,HYUNDAI MOTOR COMPANY_Santa Fe XL Ultimate FWD
Small SUV 2WD,25.8916,HYUNDAI MOTOR COMPANY_Tucson FWD
Small SUV 2WD,24.5206,HYUNDAI MOTOR COMPANY_Tucson FWD
Small SUV 2WD,26.5552,INFINITI_QX50
Small SUV 2WD,22.302,INFINITI_QX60 FWD
Small SUV 2WD,25.7892,Jeep_Cherokee FWD
Small SUV 2WD,25.2188,Jeep_Cherokee FWD
Small SUV 2WD,22.9779,Jeep_Cherokee FWD
Small SUV 2WD,25.4013,Jeep_Compass 4X2
Small SUV 2WD,26.1675,Jeep_Compass 4X2
Small SUV 2WD,26.9515,Jeep_Renegade 4x2
Small SUV 2WD,24.8726,Jeep_Renegade 4x2
Small SUV 2WD,24.518,KIA MOTORS CORPORATION_Sorento FWD
Small SUV 2WD,21.5201,KIA MOTORS CORPORATION_Sorento FWD
Small SUV 2WD,25.3693,KIA MOTORS CORPORATION_Sportage FE FWD
Small SUV 2WD,22.6727,KIA MOTORS CORPORATION_Sportage FWD
Small SUV 2WD,24.9421,KIA MOTORS CORPORATION_Sportage FWD
Small SUV 2WD,24.609,LEXUS_NX 300
Small SUV 2WD,22.6145,LEXUS_RX 350
Small SUV 2WD,21.9933,LEXUS_RX 350L
Small SUV 2WD,22.6654,Lincoln_MKC  FWD
Small SUV 2WD,23,Lincoln_NAUTILUS FWD
Small SUV 2WD,22.4889,Lincoln_NAUTILUS FWD
Small SUV 2WD,27.5474,MAZDA_CX-5 2WD
Small SUV 2WD,24.9582,MAZDA_CX-5 2WD
Small SUV 2WD,24.4162,MAZDA_CX-9 2WD
Small SUV 2WD,27.4191,Mercedes-Benz_GLA 250
Small SUV 2WD,23.9613,Mercedes-Benz_GLC 300
Small SUV 2WD,26,Mitsubishi Motors Corporation_ECLIPSE CROSS 2WD
Small SUV 2WD,27,Mitsubishi Motors Corporation_ECLIPSE CROSS ES 2WD
Small SUV 2WD,27.3502,Mitsubishi Motors Corporation_OUTLANDER 2WD
Small SUV 2WD,26.5981,Mitsubishi Motors Corporation_OUTLANDER SPORT 2WD
Small SUV 2WD,25,Mitsubishi Motors Corporation_OUTLANDER SPORT 2WD
Small SUV 2WD,25,Mitsubishi Motors Corporation_OUTLANDER SPORT 2WD
Small SUV 2WD,22.5413,NISSAN_PATHFINDER 2WD
Small SUV 2WD,28.5535,NISSAN_ROGUE FWD
Small SUV 2WD,34.4284,NISSAN_ROGUE FWD Hybrid
Small SUV 2WD,21.5538,TOYOTA_HIGHLANDER
Small SUV 2WD,22.8555,TOYOTA_HIGHLANDER
Small SUV 2WD,23.2973,TOYOTA_HIGHLANDER LE/XLE/SE/LTD
Small SUV 2WD,30.2812,TOYOTA_RAV4
Small SUV 2WD,22.4858,Volkswagen_Atlas
Small SUV 2WD,19.3938,Volkswagen_Atlas
Small SUV 2WD,24.8575,Volkswagen_Tiguan
Small SUV 2WD,26.7102,"Volvo Cars of North America, LLC_XC40 FWD"
Small SUV 2WD,24.3705,"Volvo Cars of North America, LLC_XC60 FWD"
Small SUV 4WD,26.8123,Acura_MDX AWD
Small SUV 4WD,22.0612,Acura_MDX AWD
Small SUV 4WD,21.3495,Acura_MDX AWD A-spec
Small SUV 4WD,23,Acura_RDX AWD
Small SUV 4WD,22.932,Acura_RDX AWD A-SPEC
Small SUV 4WD,24.4128,ALFA ROMEO_Stelvio AWD
Small SUV 4WD,18.8965,ALFA ROMEO_Stelvio AWD
Small SUV 4WD,23.7027,Audi_Q5
Small SUV 4WD,20.5243,Audi_SQ5
Small SUV 4WD,22.6604,BMW_X3 M40i
Small SUV 4WD,25.8611,BMW_X3 sDrive30i
Small SUV 4WD,24.6169,BMW_X3 xDrive30i
Small SUV 4WD,22.6604,BMW_X4 M40i
Small SUV 4WD,24.6169,BMW_X4 xDrive30i
Small SUV 4WD,25.7594,Buick_ENCORE AWD
Small SUV 4WD,26.8766,Buick_ENCORE AWD
Small SUV 4WD,22.0847,Buick_ENVISION AWD
Small SUV 4WD,23.6232,Buick_ENVISION AWD
Small SUV 4WD,24.3538,Cadillac_XT4 AWD
Small SUV 4WD,20.9246,Cadillac_XT5 AWD
Small SUV 4WD,20.8648,Chevrolet_BLAZER AWD
Small SUV 4WD,27.215,Chevrolet_EQUINOX AWD
Small SUV 4WD,31.8173,Chevrolet_EQUINOX AWD
Small SUV 4WD,24.1864,Chevrolet_EQUINOX AWD
Small SUV 4WD,25.7594,Chevrolet_TRAX AWD
Small SUV 4WD,18.8946,Dodge_Journey AWD
Small SUV 4WD,25.9757,FIAT_500X AWD
Small SUV 4WD,25,Ford_ECOSPORT AWD
Small SUV 4WD,23.4447,Ford_EDGE AWD
Small SUV 4WD,21.2438,Ford_EDGE AWD
Small SUV 4WD,24.2427,Ford_ESCAPE AWD
Small SUV 4WD,23.0643,Ford_ESCAPE AWD
Small SUV 4WD,25.9965,GMC_TERRAIN AWD
Small SUV 4WD,31.8173,GMC_TERRAIN AWD
Small SUV 4WD,23,GMC_TERRAIN AWD
Small SUV 4WD,29.3991,Honda_CR-V AWD
Small SUV 4WD,26.9629,Honda_CR-V AWD
Small SUV 4WD,20.8521,Honda_PASSPORT AWD
Small SUV 4WD,21.1417,Honda_PILOT AWD
Small SUV 4WD,22.0544,Honda_PILOT AWD
Small SUV 4WD,27.473,HYUNDAI MOTOR COMPANY_Kona AWD
Small SUV 4WD,27.4416,HYUNDAI MOTOR COMPANY_Kona AWD
Small SUV 4WD,21.0248,HYUNDAI MOTOR COMPANY_Santa Fe AWD
Small SUV 4WD,23.3846,HYUNDAI MOTOR COMPANY_Santa Fe AWD
Small SUV 4WD,20.0869,HYUNDAI MOTOR COMPANY_Santa Fe XL AWD
Small SUV 4WD,18.6375,HYUNDAI MOTOR COMPANY_Santa Fe XL Ultimate AWD
Small SUV 4WD,23.3296,HYUNDAI MOTOR COMPANY_Tucson AWD
Small SUV 4WD,23.1674,HYUNDAI MOTOR COMPANY_Tucson AWD
Small SUV 4WD,26.189,INFINITI_QX50 AWD
Small SUV 4WD,21.6925,INFINITI_QX60 AWD
Small SUV 4WD,28.9439,Jaguar_F-Pace
Small SUV 4WD,23.8056,Jaguar_F-Pace
Small SUV 4WD,19.8739,Jaguar_F-Pace
Small SUV 4WD,18.1891,Jaguar_F-Pace
Small SUV 4WD,23.8925,Jaguar_Jaguar E-Pace P250
Small SUV 4WD,23.4266,Jaguar_Jaguar E-Pace P300
Small SUV 4WD,24.0852,Jeep_Cherokee 4X4
Small SUV 4WD,24.1812,Jeep_Cherokee 4X4
Small SUV 4WD,22.1899,Jeep_Cherokee 4X4
Small SUV 4WD,23.0251,Jeep_Cherokee 4x4 Active Drive II
Small SUV 4WD,21.2626,Jeep_Cherokee 4x4 Active Drive II
Small SUV 4WD,22.2086,Jeep_Cherokee Trailhawk 4X4
Small SUV 4WD,20.6882,Jeep_Cherokee Trailhawk 4X4
Small SUV 4WD,24.8726,Jeep_Compass 4X4
Small SUV 4WD,25.0366,Jeep_Compass 4X4
Small SUV 4WD,25.5586,Jeep_Renegade 4x4
Small SUV 4WD,23.9283,Jeep_Renegade 4x4
Small SUV 4WD,23.8332,Jeep_Renegade Trailhawk 4x4
Small SUV 4WD,23.5815,Jeep_Wrangler 4X4
Small SUV 4WD,20.4192,Jeep_Wrangler 4X4
Small SUV 4WD,19.9011,Jeep_Wrangler 4X4
Small SUV 4WD,22.4718,Jeep_Wrangler Unlimited 4X4
Small SUV 4WD,20.4477,Jeep_Wrangler Unlimited 4X4
Small SUV 4WD,19.3398,Jeep_Wrangler Unlimited 4X4
Small SUV 4WD,23.055,KIA MOTORS CORPORATION_Sorento AWD
Small SUV 4WD,20.8363,KIA MOTORS CORPORATION_Sorento AWD
Small SUV 4WD,21.1235,KIA MOTORS CORPORATION_Sportage AWD
Small SUV 4WD,22.5445,KIA MOTORS CORPORATION_Sportage AWD
Small SUV 4WD,22.3397,KIA MOTORS CORPORATION_Sportage FE AWD
Small SUV 4WD,22.4509,Land Rover_Discovery Sport
Small SUV 4WD,22.1163,Land Rover_Discovery Sport Si4
Small SUV 4WD,24.5353,Land Rover_Range Rover Evoque 237HP
Small SUV 4WD,23.5598,Land Rover_Range Rover Evoque 286HP
Small SUV 4WD,23.9196,Land Rover_Range Rover Evoque Cabriolet
Small SUV 4WD,27.5279,Land Rover_Range Rover Velar
Small SUV 4WD,23.1444,Land Rover_Range Rover Velar
Small SUV 4WD,20.2457,Land Rover_Range Rover Velar
Small SUV 4WD,24.3849,LEXUS_NX 300 AWD
Small SUV 4WD,23.6857,LEXUS_NX 300 AWD F SPORT
Small SUV 4WD,31.4041,LEXUS_NX 300h AWD
Small SUV 4WD,21.8239,LEXUS_RX 350 AWD
Small SUV 4WD,21.2432,LEXUS_RX 350L AWD
Small SUV 4WD,21.5738,Lincoln_MKC  AWD
Small SUV 4WD,21.4728,Lincoln_MKC  AWD
Small SUV 4WD,20.2128,Lincoln_MKC  AWD
Small SUV 4WD,22,Lincoln_NAUTILUS AWD
Small SUV 4WD,21.2438,Lincoln_NAUTILUS AWD
Small SUV 4WD,26.2453,MAZDA_CX-5 4WD
Small SUV 4WD,23.8943,MAZDA_CX-5 4WD
Small SUV 4WD,22.5986,MAZDA_CX-9 4WD
Small SUV 4WD,21.2861,Mercedes-Benz_AMG GLC 43 4MATIC
Small SUV 4WD,21.034,Mercedes-Benz_AMG GLC 43 4MATIC (coupe)
Small SUV 4WD,18.116,Mercedes-Benz_AMG GLC 63 4MATIC
Small SUV 4WD,18.4658,Mercedes-Benz_AMG GLC 63 4MATIC (coupe)
Small SUV 4WD,17.8052,Mercedes-Benz_AMG GLC 63 S 4MATIC (coupe)
Small SUV 4WD,26.2235,Mercedes-Benz_GLA 250 4MATIC
Small SUV 4WD,26.2235,Mercedes-Benz_GLA 250 4MATIC
Small SUV 4WD,23.6168,Mercedes-Benz_GLC 300 4MATIC
Small SUV 4WD,23.1444,Mercedes-Benz_GLC 300 4MATIC (Coupe)
Small SUV 4WD,25.3444,Mitsubishi Motors Corporation_ECLIPSE CROSS 4WD
Small SUV 4WD,26.1535,Mitsubishi Motors Corporation_ECLIPSE CROSS ES 4WD
Small SUV 4WD,25.9027,Mitsubishi Motors Corporation_OUTLANDER 4WD
Small SUV 4WD,22,Mitsubishi Motors Corporation_OUTLANDER 4WD
Small SUV 4WD,25.5957,Mitsubishi Motors Corporation_OUTLANDER SPORT 4WD
Small SUV 4WD,25.22,Mitsubishi Motors Corporation_OUTLANDER SPORT 4WD
Small SUV 4WD,22.0525,NISSAN_PATHFINDER 4WD
Small SUV 4WD,21,NISSAN_PATHFINDER 4WD PLATINUM
Small SUV 4WD,27.4615,NISSAN_ROGUE AWD
Small SUV 4WD,32.6268,NISSAN_ROGUE AWD Hybrid
Small SUV 4WD,29.2024,Subaru_CROSSTREK AWD
Small SUV 4WD,25.087,Subaru_CROSSTREK AWD
Small SUV 4WD,28.6751,Subaru_FORESTER AWD
Small SUV 4WD,27.7579,Subaru_OUTBACK AWD
Small SUV 4WD,22.3176,Subaru_OUTBACK AWD
Small SUV 4WD,28,TOYOTA_RAV4 AWD
Small SUV 4WD,30.3188,TOYOTA_RAV4 AWD
Small SUV 4WD,40.1834,TOYOTA_RAV4 HYBRID AWD
Small SUV 4WD,24.0783,Volkswagen_Tiguan 4Motion
Small SUV 4WD,26.056,"Volvo Cars of North America, LLC_XC40 AWD"
Small SUV 4WD,22.3307,"Volvo Cars of North America, LLC_XC60 AWD"
Small SUV 4WD,22.7494,"Volvo Cars of North America, LLC_XC60 AWD"
Standard SUV 2WD,20.4294,BMW_X6 sDrive35i
Standard SUV 2WD,21.1648,Buick_ENCLAVE
Standard SUV 2WD,17.1741,Cadillac_ESCALADE 2WD
Standard SUV 2WD,17.5914,Chevrolet_C1500 SUBURBAN 2WD
Standard SUV 2WD,17.5914,Chevrolet_C1500 SUBURBAN 2WD
Standard SUV 2WD,17.1741,Chevrolet_C1500 SUBURBAN 2WD
Standard SUV 2WD,17.5914,Chevrolet_C1500 TAHOE 2WD
Standard SUV 2WD,17.5914,Chevrolet_C1500 TAHOE 2WD
Standard SUV 2WD,17.1741,Chevrolet_C1500 TAHOE 2WD
Standard SUV 2WD,22,Chevrolet_TRAVERSE FWD
Standard SUV 2WD,21.1648,Chevrolet_TRAVERSE FWD
Standard SUV 2WD,21.4537,Dodge_Durango RWD
Standard SUV 2WD,16.9243,Dodge_Durango RWD
Standard SUV 2WD,19.542,Ford_Expedition 2WD
Standard SUV 2WD,19,Ford_Expedition MAX 2WD
Standard SUV 2WD,19.566,Ford_EXPLORER FFV 2WD
Standard SUV 2WD,21.754,Ford_EXPLORER FWD
Standard SUV 2WD,19.566,Ford_EXPLORER FWD
Standard SUV 2WD,19,Ford_Flex FWD
Standard SUV 2WD,23,GMC_ACADIA FWD
Standard SUV 2WD,20.6817,GMC_ACADIA FWD
Standard SUV 2WD,17.5914,GMC_C1500 YUKON 2WD
Standard SUV 2WD,17.5914,GMC_C1500 YUKON 2WD
Standard SUV 2WD,17.1741,GMC_C1500 YUKON 2WD
Standard SUV 2WD,17.5914,GMC_C1500 YUKON XL 2WD
Standard SUV 2WD,17.5914,GMC_C1500 YUKON XL 2WD
Standard SUV 2WD,17.1741,GMC_C1500 YUKON XL 2WD
Standard SUV 2WD,16.2556,INFINITI_QX80 2WD
Standard SUV 2WD,21.4537,Jeep_Grand Cherokee 4X2
Standard SUV 2WD,19.2405,Lincoln_MKT FWD
Standard SUV 2WD,18.7275,Lincoln_Navigator 2WD
Standard SUV 2WD,17.9067,Lincoln_Navigator L 2WD
Standard SUV 2WD,15.9619,NISSAN_ARMADA 2WD
Standard SUV 2WD,18.4292,TOYOTA_4RUNNER 2WD
Standard SUV 2WD,14.8224,TOYOTA_SEQUOIA 2WD
Standard SUV 2WD,24.2127,"Volvo Cars of North America, LLC_XC90 FWD"
Standard SUV 4WD,21.3487,Audi_Q7
Standard SUV 4WD,21.1032,Audi_Q7
Standard SUV 4WD,18.8003,Audi_Q8
Standard SUV 4WD,17.3377,Bentley_Bentayga
Standard SUV 4WD,22.4296,BMW_X5 xDrive40i
Standard SUV 4WD,18.7509,BMW_X5 xDrive50i
Standard SUV 4WD,16.1519,BMW_X6 M
Standard SUV 4WD,20.2258,BMW_X6 xDrive35i
Standard SUV 4WD,18.7509,BMW_X6 xDrive50i
Standard SUV 4WD,21.7788,BMW_X7 xDrive40i
Standard SUV 4WD,17.498,BMW_X7 xDrive50i
Standard SUV 4WD,20.1579,Buick_ENCLAVE AWD
Standard SUV 4WD,16.5982,Cadillac_ESCALADE 4WD
Standard SUV 4WD,16.4284,Chevrolet_K1500 SUBURBAN 4WD
Standard SUV 4WD,16.4287,Chevrolet_K1500 SUBURBAN 4WD
Standard SUV 4WD,16.0645,Chevrolet_K1500 SUBURBAN 4WD
Standard SUV 4WD,17.32,Chevrolet_K1500 TAHOE 4WD
Standard SUV 4WD,17.32,Chevrolet_K1500 TAHOE 4WD
Standard SUV 4WD,16.8656,Chevrolet_K1500 TAHOE 4WD
Standard SUV 4WD,20.2386,Chevrolet_TRAVERSE AWD
Standard SUV 4WD,20.7754,Dodge_Durango AWD
Standard SUV 4WD,16.6887,Dodge_Durango AWD
Standard SUV 4WD,15.1196,Dodge_Durango SRT AWD
Standard SUV 4WD,18.9076,Ford_Expedition 4WD
Standard SUV 4WD,18,Ford_Expedition MAX 4WD
Standard SUV 4WD,20.7213,Ford_EXPLORER AWD
Standard SUV 4WD,18.5993,Ford_EXPLORER AWD
Standard SUV 4WD,17.7788,Ford_EXPLORER AWD
Standard SUV 4WD,18.4685,Ford_EXPLORER FFV AWD
Standard SUV 4WD,17,Ford_FLEX AWD
Standard SUV 4WD,18,Ford_FLEX AWD
Standard SUV 4WD,22,GMC_ACADIA AWD
Standard SUV 4WD,20.1232,GMC_ACADIA AWD
Standard SUV 4WD,17.32,GMC_K1500 YUKON 4WD
Standard SUV 4WD,17.32,GMC_K1500 YUKON 4WD
Standard SUV 4WD,16.8656,GMC_K1500 YUKON 4WD
Standard SUV 4WD,16.4284,GMC_K1500 YUKON XL 4WD
Standard SUV 4WD,16.4287,GMC_K1500 YUKON XL 4WD
Standard SUV 4WD,16.0645,GMC_K1500 YUKON XL 4WD
Standard SUV 4WD,15,INFINITI_QX80 4WD
Standard SUV 4WD,20.7754,Jeep_Grand Cherokee 4X4
Standard SUV 4WD,16.6887,Jeep_Grand Cherokee 4X4
Standard SUV 4WD,14.9466,Jeep_Grand Cherokee SRT 4x4
Standard SUV 4WD,13.3061,Jeep_Grand Cherokee Trackhawk 4x4
Standard SUV 4WD,13.9329,Lamborghini_Urus
Standard SUV 4WD,22.6844,Land Rover_Discovery
Standard SUV 4WD,17.7171,Land Rover_Discovery
Standard SUV 4WD,18.0917,Land Rover_Range Rover
Standard SUV 4WD,18.0917,Land Rover_Range Rover LWB
Standard SUV 4WD,15.1147,Land Rover_Range Rover LWB SVA
Standard SUV 4WD,24.3843,Land Rover_Range Rover Sport
Standard SUV 4WD,18.9704,Land Rover_Range Rover Sport
Standard SUV 4WD,18.7053,Land Rover_Range Rover Sport
Standard SUV 4WD,16.4401,Land Rover_Range Rover Sport SVR
Standard SUV 4WD,15.5774,Land Rover_Range Rover SV Coupe
Standard SUV 4WD,24.3843,Land Rover_Range Rover SVA
Standard SUV 4WD,18.9704,Land Rover_Range Rover SVA
Standard SUV 4WD,15.5774,Land Rover_Range Rover SVA
Standard SUV 4WD,16.0963,LEXUS_GX 460
Standard SUV 4WD,14.8782,LEXUS_LX 570
Standard SUV 4WD,29.7729,LEXUS_RX 450h AWD
Standard SUV 4WD,29,LEXUS_RX 450hL AWD
Standard SUV 4WD,17,Lincoln_MKT AWD
Standard SUV 4WD,17.6876,Lincoln_Navigator 4WD
Standard SUV 4WD,17.1134,MASERATI_LEVANTE
Standard SUV 4WD,15.3607,MASERATI_LEVANTE GTS
Standard SUV 4WD,16.7861,MASERATI_LEVANTE S
Standard SUV 4WD,15.3607,MASERATI_LEVANTE Trofeo
Standard SUV 4WD,13.8444,Mercedes-Benz_AMG G 63
Standard SUV 4WD,18.9393,Mercedes-Benz_AMG GLE 43 4MATIC
Standard SUV 4WD,18.6391,Mercedes-Benz_AMG GLE 43 4MATIC (coupe)
Standard SUV 4WD,14.0707,Mercedes-Benz_AMG GLE 63
Standard SUV 4WD,15.1954,Mercedes-Benz_AMG GLE 63 S
Standard SUV 4WD,15.4084,Mercedes-Benz_AMG GLE 63 S (coupe)
Standard SUV 4WD,14.8111,Mercedes-Benz_AMG GLS 63
Standard SUV 4WD,14.4689,Mercedes-Benz_G 550
Standard SUV 4WD,19.5253,Mercedes-Benz_GLE 400 4MATIC
Standard SUV 4WD,18.2108,Mercedes-Benz_GLS 450 4MATIC
Standard SUV 4WD,15.5657,Mercedes-Benz_GLS 550 4MATIC
Standard SUV 4WD,15.2,NISSAN_ARMADA 4WD
Standard SUV 4WD,20.6748,Porsche_Cayenne
Standard SUV 4WD,19.958,Porsche_Cayenne S
Standard SUV 4WD,16.9743,Porsche_Cayenne Turbo
Standard SUV 4WD,22.9049,Subaru_ASCENT
Standard SUV 4WD,22.0533,Subaru_ASCENT LIMITED/TOURING
Standard SUV 4WD,17.971,TOYOTA_4RUNNER 4WD
Standard SUV 4WD,17.971,TOYOTA_4RUNNER 4WD
Standard SUV 4WD,22.2289,TOYOTA_HIGHLANDER AWD
Standard SUV 4WD,22.0931,TOYOTA_HIGHLANDER AWD
Standard SUV 4WD,22.6871,TOYOTA_HIGHLANDER AWD LE
Standard SUV 4WD,28.4359,TOYOTA_HIGHLANDER HYBRID AWD
Standard SUV 4WD,28.9073,TOYOTA_HIGHLANDER HYBRID AWD LE
Standard SUV 4WD,14.9298,TOYOTA_LAND CRUISER WAGON 4WD
Standard SUV 4WD,14.4037,TOYOTA_SEQUOIA 4WD
Standard SUV 4WD,19.2827,Volkswagen_Atlas 4Motion
Standard SUV 4WD,22.0007,"Volvo Cars of North America, LLC_XC90 AWD"
Standard SUV 4WD,22.7494,"Volvo Cars of North America, LLC_XC90 AWD"